recipe_id,recipe_title,score,notes
29493,Natalie Powell's Knishes,87,"Classic comfort food, but dough technique adds complexity."
19539,Potato Waffles,92,"Simple, satisfying, and transforms leftovers into craveable waffles."
21909,Hard Cider Onions for Hot Dogs or Sausages,70,"Easy flavorful side, but lacks substance as a main dish."
2166,Spicy One-Pot Shakshouka,93,"Vibrant, nutritious one-pot meal with craveable texture contrast."
16051,Creamy Garlic and Onion Spaghetti,85,Richly flavorful but heavy; technique builds depth well.
1808,Farinata (Italian Flatbread),87,Nutritious chickpea flatbread with crispy texture and cheesy flavor.
17597,French Garlic Mashed Potatoes,70,Easy mash but French onion dip feels processed and unbalanced.
14072,Ham and Cheese Frittata,85,"Satisfying, protein-packed frittata with great texture and simple steps."
880,Chicken with Brie and Caramelized Onions,75,Rich and flavorful but overly complicated for everyday cooking.
2510,Golden Mashed Potatoes with Green Onions,82,"Simple, creamy potatoes with aromatic garlic and fresh green onions."
4816,Parmesan Cottage Fries,88,Roasted veggies and cheese create craveable texture.
1396,Savory Oat Risotto,78,Innovative oats but requires constant stirring.
14403,Empanadas de Pollo (Easy Chicken Empanadas),90,"Easy, portable, and packed with savory flavor."
16325,Rigatoni al Segreto (Rigatoni with Secret Sauce),89,"Rich sauce technique delivers deep, satisfying flavor."
16729,Creamy Butternut Squash Casserole,75,Comforting but heavy; lacks bold craveable elements.
11155,"Chicken French (Rochester, NY Style)",88,"Classic technique, bold lemon-sherry sauce, satisfying weeknight meal."
16433,Homemade Tomato Soup,82,"Deep roasted tomato flavor, comforting, but heavy cream reduces lightness."
2270,Farro with Wild Mushrooms,89,"Earthy mushrooms, nutty farro, sophisticated yet approachable."
4391,Sarah's Knish,75,"Tasty comfort food, but dough making is labor-intensive for home cooks."
6213,Simple Beef Short Ribs,71,"Tender ribs, but sauce lacks depth; instructions miss key flavor steps."
10430,Savory Summer Cheesecake,89,"Savory cheesecake with vibrant veggies and herbs, complex but rewarding."
29443,Perfect Scrambled Eggs,58,Onions in scrambled eggs are odd; vague cooking technique yields bland results.
8775,Fresh Mushroom Rice Pilaf,78,"Simple, nutritious rice pilaf with clear steps and balanced mushroom flavor."
10194,Blinis,75,Tasty blinis but overly complex filling makes it less accessible for home cooks.
872,Butter Chicken Tarts,87,Creative fusion tarts with clear steps and craveable butter chicken flavor.
2511,French Onion Dip Sandwiches (Slow Cooker),72,"Complex but flavorful; misleading name, lengthy steps."
2137,Pierogi (Traditional Polish Dumplings),65,Authentic but labor-intensive; dough work and filling prep.
16908,Dandelion Greens with a Kick,88,"Simple, healthy, bold flavors; quick and easy execution."
14647,Butternut Squash Pasta Sauce,85,"Nutritious, pressure cooker simplifies; comforting sauce."
2879,French Onion Chicken Meatballs,90,"Easy crowd-pleaser; bold sauce, minimal fuss."
2207,Beef Pirozhki,78,Labor-intensive dough but flavorful filling
11481,Onion and Mushroom Scrambled Eggs,85,"Simple, cheesy, veggie-packed comfort food"
10758,Instant Pot Penne alla Vodka,90,"Rich, creamy sauce with bold vodka flavor, easy pressure cook"
8972,Puff Pastry Tart with Vegetables and Cheese,75,Tasty tart but fussy assembly with frozen pastry
31446,Instant Pot® Philly Cheesesteak Stuffed Peppers,88,Satisfying stuffed peppers with great Philly flavor combo
3274,Savory Western Crepes,87,"Bold flavors, easy technique, satisfying crepes"
24045,"Squash, Egg, and Cheese Casserole",75,"Simple, comforting, but lacks standout flavor"
6667,Beef Stifado,88,"Rich depth, complex spices, tender beef"
27551,Wood Sorrel Savory Onion Tart,82,"Sophisticated tart, but wood sorrel limits accessibility"
7291,Thick and Rich Venison Stroganoff,85,"Decadent sauce, venison tender, but sourcing tricky"
29160,Beer Spuds,87,"Bold, cheesy beer-infused potatoes deliver craveable grill flavor."
21344,Corn Casserole for Potlucks,75,"Easy, comforting casserole with creamy corn and cheesy goodness."
3044,Yummy Chicken,82,Savory chicken with rich mushroom sauce balances effort and reward.
6398,Corn and Challah Stuffing with Fried Sage,93,Elegant stuffing with fried sage elevates simple ingredients exceptionally.
8092,Asparagus with Garlic and Onions,68,Basic veggie side; healthy but lacks craveable complexity.
25480,Ms B's Spinach-Topped Tomatoes,80,"Simple, healthy, and satisfying with clear instructions."
9311,Quick and Hearty Corn Chowder,75,"Hearty, easy one-pot meal, good for everyday cooking."
2800,Cheesy Turkey Meatloaf,82,Crowd-pleasing comfort food with solid technique.
4460,Irish Shepherd's Pie,88,Impressive depth of flavor despite complexity.
16238,Chicken Etouffee,85,"Bold, craveable flavors but messy execution."
5548,Authentic Greek Moussaka,89,"Rich layers, balanced flavors, satisfying comfort food."
19405,Becky's Easy Cilantro Lime Rice,78,"Simple, fresh, vibrant flavors, easy weeknight side."
12455,Cabbage and Gnocchi,75,"Quick, hearty, good texture but lacks depth."
13730,Chicken Wellington,88,"Impressive presentation, savory filling, flaky crust."
3006,Runza Casserole,62,"Hearty but processed, dough effort outweighs payoff."
15401,Creamy Morel Mushroom Soup,85,"Rich, sophisticated flavor but heavy on cream and expensive ingredients."
12838,White Pizza Sauce,82,"Simple, flavorful base with good balance of herbs and cheese."
1555,Low-Carb Yellow Squash Casserole,88,Nutritious squash with satisfying crunch from almonds and cheese.
6489,Garlic Mashed Potato Casserole,86,Comforting garlic flavor with creamy texture and cheesy topping.
1609,Mushroom and Spinach Ravioli with Chive Butter Sauce,78,Complex homemade pasta with flavorful filling but instructions incomplete.
20119,Hunter Style Chicken Cacciatore,89,"Rich, deeply flavored sauce with tender chicken and veggies"
5531,Scrambled Eggs with Sun-Dried Tomato,78,"Bright, simple scramble with vibrant sun-dried tomato"
17210,Meatball-Stuffed Crescent Rolls,62,Convenient but processed; lacks nutritional depth
190,Calabacitas con Elote (Mexican-Style Zucchini with Corn),87,"Fresh, comforting veggie dish with craveable creamy texture"
16135,Chicken Paprikash,75,Authentic flavor but overly complex for home cooks
4853,Chicken Lemon Linguine,85,Balanced flavors with bright lemon notes make this a crowd-pleaser.
26929,Garlicky Mushroom Toast Cups,82,Creative presentation with savory mushroom and garlic flavors.
15318,Bracciole (Flank Steak Rolls),78,Traditional Italian flavors but lengthy cooking time may deter home cooks.
9104,Hot Wheels Pasta,80,Colorful and spicy with a variety of textures but may be too complex for some.
1076,Pumpkin Ravioli with Sage-Brown Butter Sauce,88,Elegant seasonal flavors but requires pasta-making skill.
15985,Slow Cooker Baby Back Ribs,88,Easy slow cooker method with caramelized finish delivers classic BBQ satisfaction.
5821,Grilled Potatoes in Foil,75,"Simple, healthy foil packet method yields tender potatoes with minimal effort."
7723,Creamy Chicken Gravy,72,"Well-developed gravy technique, but lacks standalone meal appeal."
5110,Chicken Stuffed Potatoes with Alfredo Sauce,89,"Impressive presentation with rich Alfredo, though steps require active cooking."
9560,Aligot (French Mashed Potatoes),87,"Decadent cheese emulsion technique creates uniquely creamy, craveable texture."
16937,The Original Camarones a la Diabla,88,Bold flavors but complex steps; rewarding effort.
18077,Bacon Risotto,82,Classic technique but rich; comforting yet heavy.
4917,Fantastic Homemade Pizza Sauce,75,Good depth but long simmer; convenient once made.
1695,Bacon Bombs,65,"Indulgent novelty; messy execution, not nutritious."
4528,Low Carb Zucchini Pancakes,90,"Smart low-carb swap; easy, crispy, flavorful."
8507,Cheesy Butternut Squash Pasta Sauce,85,"Creamy, cheesy, and subtly sweet; easy craveable comfort."
5108,Pan-Grilled Tilapia with Lemon and Red Onion,82,"Light, zesty, and simple; lemon-garlic combo pops."
14185,Karen's Fried Green Tomatoes,75,Classic fried comfort but heavy and lacks seasoning depth.
10074,Leftover Prime Rib with Mushrooms and Mashed Potatoes,65,Quick leftover dish but mushy texture and one-note.
4894,Marry-Me (Epouse-Moi) Chicken,90,"Crispy chicken in rich, complex sauce; impressive payoff."
31007,Simple and Fresh Corn Casserole,78,"Simple, fresh, easy but lacks complexity."
30695,Savory Zucchini Muffins,85,"Flavorful, textured muffins with smart veg prep."
13588,Best Turkey Meatloaf,82,"Classic, comforting, well-balanced glaze."
6914,Whole Chicken Pie,75,Impressive but overly complex for home cooks.
3792,Paksiw na Pata (Pig's Feet Stew),70,"Vague instructions, potential for blandness."
19213,Italian Spaghetti Squash,87,"Roasted squash with savory tomato sauce and cheese, easy and satisfying."
5796,Chicken Tenders with Creamy Lemon-Garlic Sauce,88,"Bright lemon-garlic sauce coats tender chicken, simple yet craveable."
24468,"Chicken, Eggplant, and Green Beans Casserole",75,"Hearty casserole with veggies, but sour cream base feels heavy."
11871,Polish Egg Salad,55,"Basic egg salad, lacks excitement despite simple prep."
14085,Tasty Spicy Rice Pilaf,76,"Flavorful pilaf with veggies, but straightforward execution."
29415,Fabulous Fargozas,87,"Savory muffins with cheese & herbs, easy & satisfying."
15320,Mema's Corn Fritters,72,"Simple fritters but lack depth, basic flavor profile."
8641,Mushroom and Chicken Crepe Packets,75,"Good ingredients but vague instructions, technique complex."
30644,Gruyere Gougeres,89,"Sophisticated cheese puffs, craveable flavor & texture."
27109,Mushroom Cheddar Batter Bread,85,"Wholesome quick bread, easy & packed with veggies & cheese."
